{
  "micro_f1": 0.5545488686508309,
  "macro_f1": 0.48375472008498677,
  "micro_precision": 0.6928852132089859,
  "micro_recall": 0.4622578751711994,
  "macro_precision": 0.6301468007563645,
  "macro_recall": 0.4468149322343962,
  "precision_at_5": 0.47393126571668065,
  "precision_at_10": 0.324325230511316,
  "recall_at_5": 0.589225733738455,
  "recall_at_10": 0.745732533043933,
  "micro_auc": 0.9213291393593622,
  "macro_auc": 0.9075496541264583,
  "head_f1": 0.5545488686508309,
  "medium_f1": 0.0,
  "tail_f1": 0.0
}