{
  "micro_f1": 0.04915180513266638,
  "macro_f1": 0.03833560923194018,
  "micro_precision": 0.7290322580645161,
  "micro_recall": 0.025433265811388703,
  "macro_precision": 0.04405831363278172,
  "macro_recall": 0.04372093023255814,
  "precision_at_5": 0.27020000000000005,
  "precision_at_10": 0.2075,
  "recall_at_5": 0.3273353132978133,
  "recall_at_10": 0.48305412781662777,
  "micro_auc": 0.7696577004336119,
  "macro_auc": 0.7374059829488339,
  "head_f1": 0.036596523330283626,
  "medium_f1": 0.06053067993366501,
  "tail_f1": 0.0
}