{
  "micro_f1": 0.5405405405405406,
  "macro_f1": 0.41348939126716905,
  "micro_precision": 0.704225352112676,
  "micro_recall": 0.43859649122807015,
  "macro_precision": 0.47354497354497355,
  "macro_recall": 0.4091269841269841,
  "precision_at_5": 1.0,
  "precision_at_10": 0.58,
  "recall_at_5": 0.44459984459984464,
  "recall_at_10": 0.5093434343434344,
  "micro_auc": 0.6900022492127755,
  "macro_auc": 0.7246516754850089,
  "head_f1": 0.0,
  "medium_f1": 0.0,
  "tail_f1": 0.5405405405405406
}